neigh_name,total_liv_score,edmonton_rank,alberta_rank,percent_rank,ammenities_grade,cost_of_living_percent,crime_rate,median_income,in_labor_force,unemployment_rate,median_house_val,home_owner_percent,high_school_percent,bach_degree,test_scores,area_pop,pop_dense,med_age,male_to_fem,marri_coup,fam_w_kids,eng_only,french_only
abbottsfield,62,#303,#885,39%,A+,83,"8,956","$54,504",69%,8%,"$203,549",37%,78%,15%,44%,"1,808","3,826",32.5,1.0:1,45%,38%,90.1%,0.4%
albany,73,#131,#427,84%,A+,90,"5,462","$109,688",79%,3%,"$371,357",83%,88%,30%,n/a,"1,908","1,387",32.6,1.0:1,73%,57%,90.6%,0.0%
alberta avenue,65,#292,#853,51%,A+,84,"8,424","$63,728",73%,6%,"$225,742",59%,77%,19%,49%,"7,488","4,362",37.4,0.9:1,52%,37%,88.8%,0.1%
aldergrove,74,#135,#435,83%,A+,89,"6,580","$84,202",72%,6%,"$349,359",58%,85%,23%,64%,"5,551","3,798",36.5,1.0:1,67%,47%,91.7%,0.2%
allard,81,#54,#219,96%,B,94,"4,274","$120,570",81%,5%,"$460,281",78%,91%,40%,70%,"4,948","2,334",31.4,0.9:1,70%,55%,90.2%,0.2%
allendale,73,#140,#443,82%,A+,92,"6,288","$80,310",80%,7%,"$397,871",47%,91%,35%,75%,"3,282","3,639",32.6,1.0:1,54%,35%,88.2%,0.3%
ambleside,79,#65,#273,94%,A+,92,"4,945","$114,134",85%,5%,"$411,244",84%,94%,48%,73%,"5,671","1,518",32.7,1.0:1,76%,50%,90.1%,0.0%
anthony henday,81,#55,#226,96%,A+,92,"4,009","$154,145",88%,4%,"$353,887",91%,88%,23%,n/a,172,6,31.3,0.3:1,80%,60%,93.1%,0.0%
anthony henday south west,69,#237,#621,69%,B+,89,"6,221","$96,077",65%,3%,"$341,474",57%,86%,25%,n/a,360,120,38.0,1.2:1,63%,41%,93.1%,0.0%
anthony henday southeast,87,#34,#114,98%,A+,86,n/a,$0,83%,0%,$0,0%,100%,33%,n/a,0,1,27.7,0.3:1,0%,100%,87.5%,0.0%
argyll,70,#216,#580,71%,A+,89,"6,452","$91,593",81%,1%,"$333,775",90%,88%,35%,n/a,810,"2,427",42.4,1.2:1,67%,38%,89.6%,0.0%
armstrong industrial,0,#322,#961,n/a,,105,n/a,$0,0%,0%,$0,0%,0%,0%,n/a,0,126,32.5,45.7:1,0%,0%,0.0%,0.0%
aspen gardens,86,#13,#26,99%,A+,101,"2,549","$162,114",68%,3%,"$553,517",94%,94%,56%,83%,"1,854","2,624",44.2,1.0:1,82%,53%,90.1%,0.0%
aster,67,#263,#707,63%,B,90,"5,737","$96,938",67%,3%,"$392,195",86%,90%,35%,74%,31,29,30.1,0.5:1,57%,71%,89.0%,0.0%
athlone,70,#226,#598,70%,A+,86,"7,160","$88,111",73%,6%,"$268,506",72%,80%,11%,62%,"3,710","3,012",38.4,0.9:1,59%,43%,92.0%,0.1%
avonmore,72,#164,#487,78%,A+,90,"6,272","$92,110",75%,5%,"$351,781",82%,89%,28%,58%,"2,313","2,553",41.5,0.9:1,66%,37%,89.3%,0.1%
balwin,67,#283,#800,58%,A+,86,"8,147","$60,844",62%,6%,"$268,539",60%,70%,8%,52%,"4,596","3,184",39.2,0.9:1,54%,35%,91.1%,0.4%
bannerman,67,#282,#799,58%,A+,85,"7,654","$78,084",65%,6%,"$253,841",65%,83%,12%,54%,"3,211","4,406",36.1,1.0:1,58%,38%,93.8%,0.0%
baranow,73,#160,#479,79%,A+,85,"7,791","$74,861",65%,4%,"$251,526",60%,81%,24%,73%,"2,940","3,384",37.1,1.4:1,65%,44%,89.7%,0.0%
baturyn,70,#236,#620,69%,A+,86,"7,190","$85,970",58%,5%,"$273,836",75%,82%,14%,65%,"5,267","3,682",38.1,1.0:1,66%,44%,91.9%,0.1%
beacon heights,74,#154,#470,80%,A+,84,"8,169","$68,049",65%,8%,"$236,802",71%,74%,8%,60%,"3,143","2,700",42.4,0.8:1,54%,33%,94.5%,0.1%
bearspaw,78,#76,#314,92%,A+,90,"6,062","$97,134",59%,4%,"$354,978",88%,90%,39%,n/a,"2,375","1,895",50.0,1.0:1,82%,46%,90.8%,0.0%
beaumaris,69,#257,#666,66%,A+,88,"7,530","$67,697",50%,5%,"$309,856",67%,82%,16%,n/a,"4,918","3,467",43.6,1.1:1,75%,38%,91.2%,0.1%
belgravia,84,#15,#30,99%,A+,104,"2,549","$166,429",66%,2%,"$674,731",,95%,64%,78%,"2,543","2,808",39.9,0.9:1,81%,48%,84.2%,0.0%
belle rive,75,#107,#382,89%,A+,91,"4,920","$123,562",65%,3%,"$375,770",90%,79%,18%,64%,"4,222","3,520",41.1,1.0:1,80%,60%,91.2%,0.1%
bellevue,72,#165,#489,78%,A+,87,"7,354","$77,002",72%,4%,"$291,891",82%,89%,35%,n/a,"1,154","2,376",41.0,0.9:1,61%,35%,91.1%,0.0%
belmead,71,#185,#524,76%,A+,88,"6,706","$83,509",70%,6%,"$338,065",65%,84%,26%,61%,"4,999","3,860",37.6,1.1:1,67%,45%,91.1%,0.2%
belmont,67,#273,#764,60%,A+,85,"7,688","$77,761",66%,5%,"$251,318",68%,79%,14%,54%,"5,903","4,562",36.8,1.0:1,64%,41%,93.2%,0.1%
belvedere,68,#268,#736,62%,A+,84,"8,768","$55,888",66%,6%,"$219,044",52%,78%,14%,57%,"5,805","3,316",37.8,1.0:1,57%,36%,90.3%,0.3%
bergman,73,#159,#477,79%,A+,85,"7,336","$88,033",69%,7%,"$249,112",83%,74%,10%,n/a,"1,800","2,692",37.5,1.1:1,63%,41%,91.0%,0.7%
beverly heights,72,#176,#505,77%,A+,87,"7,729","$65,772",63%,6%,"$295,390",67%,81%,16%,57%,"3,764","2,803",43.2,1.0:1,60%,35%,92.8%,0.3%
bisset,71,#190,#535,75%,A+,87,"6,991","$87,692",71%,8%,"$289,164",63%,82%,21%,69%,"4,344","4,598",35.3,1.0:1,74%,52%,90.5%,0.2%
blackburne,79,#67,#275,94%,A+,93,"4,636","$121,315",53%,2%,"$416,788",91%,87%,34%,n/a,"1,650","1,168",49.2,1.1:1,83%,41%,91.2%,0.0%
blackmud creek,83,#42,#152,97%,A+,94,"4,088","$126,891",63%,4%,"$455,482",85%,91%,39%,n/a,"2,733","3,653",41.7,1.1:1,82%,53%,91.7%,0.2%
blackmud creek ravine,78,#93,#352,90%,A+,82,"9,663","$36,734",80%,4%,"$196,399",26%,89%,27%,n/a,118,124,33.6,1.0:1,50%,29%,93.5%,0.0%
blue quill,71,#199,#549,73%,A+,89,"7,041","$77,647",73%,7%,"$324,264",38%,89%,41%,66%,"5,273","5,114",34.1,0.9:1,69%,48%,90.2%,0.1%
blue quill estates,74,#97,#365,89%,A+,95,"5,090","$104,572",68%,9%,"$433,736",56%,90%,45%,n/a,"1,497","3,482",39.7,0.9:1,79%,46%,89.0%,0.1%
bonnie doon,72,#142,#448,82%,A+,93,"6,051","$80,391",77%,4%,"$424,117",51%,91%,39%,68%,"5,176","3,467",39.3,1.0:1,63%,36%,77.0%,0.6%
boyle street,63,#297,#873,46%,A+,86,"9,384","$40,416",66%,7%,"$212,722",19%,79%,24%,n/a,"8,019","8,430",40.7,0.8:1,49%,26%,85.1%,0.2%
brander gardens,73,#137,#439,83%,A+,92,"6,396","$77,045",66%,6%,"$399,061",59%,91%,40%,77%,"2,676","2,481",37.2,1.1:1,66%,39%,88.2%,0.6%
breckenridge greens,75,#112,#393,88%,A+,90,"5,627","$107,857",79%,5%,"$360,282",83%,92%,29%,n/a,"1,742","3,413",37.3,1.0:1,78%,45%,91.9%,0.0%
brintnell,77,#94,#355,90%,A+,90,"5,594","$109,148",85%,6%,"$358,713",73%,85%,23%,n/a,"7,091","5,054",32.0,1.0:1,71%,58%,89.9%,0.3%
britannia youngstown,69,#258,#670,65%,A+,86,"8,416","$55,835",72%,6%,"$258,653",40%,79%,16%,61%,"5,369","3,206",37.8,0.9:1,55%,38%,91.9%,0.4%
brookside,82,#39,#137,97%,A,98,"3,145","$132,331",67%,6%,"$539,116",80%,91%,52%,76%,"2,133","1,845",40.2,1.0:1,79%,50%,88.5%,0.2%
bulyea heights,89,#7,#10,99%,A+,98,"2,549","$191,857",66%,3%,"$505,894",94%,93%,48%,83%,"4,138","2,607",47.5,0.9:1,87%,54%,90.5%,0.1%
caernarvon,70,#242,#629,68%,A+,85,"7,799","$74,829",67%,5%,"$250,789",73%,82%,18%,63%,"4,502","3,767",36.2,1.0:1,62%,40%,92.2%,0.1%
calder,69,#262,#693,64%,A+,84,"8,180","$68,064",71%,8%,"$235,574",56%,80%,10%,54%,"4,333","3,187",39.6,0.9:1,51%,35%,91.9%,0.2%
calgary trail north,73,#168,#492,78%,A+,85,"6,501","$109,211",78%,3%,"$256,780",47%,87%,38%,n/a,70,534,33.4,0.7:1,45%,26%,88.7%,0.0%
callaghan,79,#64,#266,94%,A,94,"4,798","$106,780",81%,5%,"$457,548",,91%,39%,n/a,"3,784","3,253",31.7,1.0:1,77%,54%,89.1%,0.2%
callingwood north,73,#179,#514,76%,A+,83,"8,336","$66,694",78%,6%,"$223,553",47%,89%,28%,63%,"2,616","2,998",35.7,1.0:1,54%,34%,92.9%,0.1%
callingwood south,75,#129,#425,84%,A+,83,"8,619","$58,550",69%,6%,"$224,930",23%,83%,21%,74%,"6,391","8,415",33.6,1.0:1,52%,36%,90.0%,0.2%
cameron heights,78,#38,#130,98%,B-,106,"2,549","$231,596",73%,4%,"$733,651",100%,93%,40%,n/a,"2,256","2,019",38.3,1.1:1,88%,60%,91.3%,0.0%
canon ridge,71,#210,#567,73%,A+,83,"8,023","$78,789",69%,6%,"$209,676",75%,87%,15%,n/a,"2,595","4,012",35.4,1.0:1,54%,34%,91.5%,0.5%
canora,68,#264,#711,63%,A+,86,"8,383","$56,114",73%,,"$261,221",30%,81%,15%,58%,"3,969","4,316",35.9,0.8:1,49%,35%,89.4%,0.3%
canossa,78,#83,#332,92%,A+,89,"5,430","$116,125",78%,3%,"$348,749",95%,85%,20%,n/a,"3,508","2,828",33.4,0.9:1,72%,57%,91.3%,0.0%
capilano,82,#48,#198,96%,A+,92,"4,596","$125,612",73%,2%,"$403,779",93%,93%,34%,73%,"2,875","2,191",48.0,1.0:1,78%,43%,92.1%,0.0%
carleton square industrial,0,#307,#914,n/a,,91,n/a,$0,71%,18%,$0,0%,87%,50%,n/a,0,117,48.0,0.5:1,64%,45%,85.4%,0.0%
carlisle,69,#250,#648,67%,A+,87,"7,540","$72,854",68%,7%,"$287,810",60%,77%,14%,62%,"4,118","4,363",34.9,1.0:1,64%,46%,92.4%,0.2%
carlton,76,#106,#381,89%,A+,90,"5,522","$112,767",75%,3%,"$352,086",84%,86%,27%,69%,"5,478","4,442",34.1,1.0:1,77%,58%,92.2%,0.1%
carter crest,81,#52,#212,96%,A+,94,"3,416","$152,297",61%,3%,"$427,842",93%,92%,43%,n/a,"1,812","2,810",48.3,1.1:1,87%,51%,91.0%,0.0%
cashman,87,#14,#29,99%,A+,98,"3,407","$116,511",36%,7%,"$573,948",100%,93%,36%,n/a,56,14,35.0,0.1:1,80%,40%,93.8%,0.0%
casselman,70,#229,#601,70%,A+,85,"7,854","$74,001",69%,5%,"$248,034",63%,82%,18%,n/a,"4,222","4,910",35.2,1.1:1,57%,43%,90.6%,0.4%
cavanagh,0,#321,#895,n/a,,99,"2,549","$195,508",69%,4%,"$564,549",99%,92%,46%,n/a,"1,011",421,36.1,1.0:1,84%,63%,92.1%,0.0%
central mcdougall,71,#227,#599,70%,A+,86,"9,352","$42,918",67%,8%,"$206,177",15%,78%,24%,61%,"5,305","4,779",35.2,0.8:1,56%,36%,88.9%,0.2%
chambery,79,#60,#257,95%,A+,93,"3,974","$133,762",78%,3%,"$440,474",93%,87%,23%,n/a,"2,745","3,028",33.4,0.9:1,83%,62%,92.5%,0.0%
chappelle,71,#173,#499,77%,B-,94,"4,230","$122,426",88%,7%,"$457,674",79%,92%,40%,61%,"6,806","1,181",31.6,1.0:1,70%,48%,91.7%,0.1%
charlesworth,78,#75,#305,93%,A+,91,"4,995","$113,510",82%,6%,"$408,143",77%,88%,32%,70%,"6,445","2,376",31.8,1.0:1,76%,60%,91.1%,0.2%
clareview campus,72,#188,#530,75%,A+,84,"7,777","$81,237",82%,8%,"$227,272",52%,90%,25%,n/a,"3,348","3,302",32.1,1.0:1,57%,41%,91.3%,0.4%
clareview town centre,72,#194,#544,74%,A+,84,"7,988","$75,954",79%,8%,"$225,056",49%,89%,26%,n/a,"4,178","2,932",31.9,1.0:1,57%,40%,90.8%,0.4%
cloverdale,85,#22,#78,98%,A+,97,"2,549","$167,540",74%,3%,"$512,074",76%,95%,55%,n/a,"1,037",965,41.4,0.9:1,69%,30%,86.5%,0.0%
coronet industrial,0,#334,#905,n/a,,85,"8,412","$50,699",67%,33%,"$279,986",100%,100%,67%,n/a,8,1,47.8,0.5:1,100%,100%,66.7%,0.0%
cpr irvine,71,#196,#546,74%,A+,86,"7,179","$84,940",91%,3%,"$279,319",33%,96%,53%,n/a,150,195,33.3,1.2:1,44%,21%,86.4%,0.0%
crawford plains,71,#215,#579,72%,A+,87,"6,603","$99,394",72%,5%,"$285,189",80%,85%,16%,64%,"4,759","4,118",36.2,1.0:1,70%,51%,93.0%,0.1%
crestwood,83,#11,#22,99%,A+,108,"2,549","$160,266",71%,1%,"$717,666",81%,89%,47%,73%,"2,755","2,271",46.2,1.1:1,83%,47%,89.6%,0.0%
cromdale,72,#186,#528,75%,A+,87,"8,411","$54,748",71%,4%,"$263,642",28%,81%,27%,n/a,"2,053","5,420",37.4,1.0:1,50%,26%,89.0%,0.2%
crystallina nera,71,#175,#504,77%,A-,91,"5,553","$107,069",83%,4%,"$371,752",86%,87%,27%,n/a,"2,745","2,123",32.8,1.0:1,74%,56%,92.0%,0.1%
cumberland,73,#153,#467,81%,A+,89,"5,820","$105,363",77%,4%,"$348,765",80%,87%,25%,60%,"7,126","4,629",35.4,1.0:1,75%,57%,90.7%,0.1%
cy becker,74,#130,#426,84%,A-,89,"5,162","$125,298",87%,6%,"$341,626",70%,91%,26%,n/a,"1,955","1,064",31.1,0.9:1,62%,49%,90.6%,0.1%
daly grove,70,#233,#610,70%,A+,87,"6,905","$90,801",66%,5%,"$286,199",66%,83%,18%,62%,"3,898","4,201",37.0,1.0:1,69%,49%,91.9%,0.1%
dechene,77,#82,#331,92%,A,91,"5,021","$119,461",68%,2%,"$381,137",97%,89%,36%,74%,"1,855","2,595",51.3,1.1:1,83%,52%,92.9%,0.3%
delton,74,#147,#458,81%,A+,86,"7,881","$66,277",71%,6%,"$276,322",57%,75%,14%,n/a,"2,247","3,290",39.0,0.8:1,54%,37%,91.8%,0.1%
delwood,67,#272,#762,60%,A+,86,"7,486","$79,514",71%,7%,"$266,899",77%,74%,11%,54%,"3,730","2,839",43.0,1.0:1,66%,39%,92.1%,0.1%
desrochers,75,#95,#361,89%,B-,94,"4,062","$127,144",84%,6%,"$457,377",77%,90%,40%,59%,725,436,31.1,0.9:1,61%,52%,91.5%,0.2%
donsdale,81,#21,#70,98%,A-,105,"2,549","$210,887",67%,2%,"$719,850",97%,91%,38%,n/a,"1,735","2,656",47.4,1.1:1,89%,57%,91.6%,0.0%
dovercourt,73,#144,#450,82%,A+,87,"7,040","$90,913",78%,5%,"$270,656",67%,83%,20%,69%,"2,251","2,284",40.9,0.9:1,62%,38%,94.3%,0.0%
downtown edmonton,72,#187,#529,75%,A+,87,"8,343","$64,164",81%,4%,"$233,113",27%,96%,53%,79%,"14,562","6,146",33.3,0.9:1,51%,12%,88.2%,0.1%
duggan,68,#259,#679,64%,A+,88,"6,631","$91,930",69%,5%,"$312,281",69%,88%,37%,60%,"4,783","3,746",37.9,1.0:1,73%,45%,90.0%,0.2%
dunluce,70,#224,#596,71%,A+,86,"7,395","$79,479",67%,6%,"$277,197",61%,82%,12%,65%,"6,903","3,086",36.0,1.0:1,60%,42%,92.2%,0.2%
eastwood,62,#301,#882,40%,A+,84,"9,002","$45,920",63%,,"$233,215",34%,72%,13%,57%,"4,591","4,028",37.6,0.9:1,47%,33%,91.7%,0.3%
eaux claires,69,#244,#635,68%,A+,89,"6,779","$84,493",70%,5%,"$325,928",77%,82%,20%,n/a,"3,995","3,094",38.8,1.0:1,71%,49%,90.1%,0.1%
ebbers,77,#91,#349,90%,A+,88,"6,387","$96,156",85%,9%,"$322,504",66%,84%,22%,n/a,"1,062","1,544",32.7,0.9:1,62%,50%,88.7%,1.3%
edgemont,84,#37,#124,98%,B,95,"2,687","$162,362",81%,6%,"$468,708",88%,90%,34%,74%,"3,880",763,33.8,1.0:1,77%,55%,91.0%,0.0%
edmiston industrial,0,#318,#936,n/a,,90,n/a,$0,63%,0%,$0,0%,100%,25%,,0,8,28.8,0.5:1,0%,100%,88.9%,0.0%
ekota,70,#231,#606,70%,A+,87,"7,039","$83,328",66%,8%,"$301,504",66%,83%,20%,62%,"2,804","3,486",36.6,1.0:1,69%,46%,91.2%,0.1%
ellerslie,63,#296,#871,46%,A+,89,"5,695","$106,426",83%,6%,"$358,414",68%,89%,28%,n/a,"6,793","4,180",33.6,1.0:1,72%,55%,90.3%,0.1%
ellerslie industrial,0,#328,#931,n/a,,95,"3,220","$122,526",78%,11%,"$570,509",100%,100%,44%,n/a,30,2,27.6,0.4:1,0%,100%,90.9%,0.0%
elmwood,71,#198,#548,74%,A+,87,"6,981","$85,475",74%,4%,"$299,328",64%,86%,22%,62%,"2,933","2,858",37.3,1.0:1,62%,39%,92.9%,0.2%
elmwood park,67,#285,#805,57%,A+,84,"8,546","$58,245",73%,6%,"$234,375",47%,74%,11%,n/a,"1,165","2,452",38.5,0.8:1,48%,34%,91.0%,0.4%
elsinore,73,#132,#428,84%,A+,92,"5,297","$106,880",69%,4%,"$401,178",91%,87%,24%,n/a,"3,058","2,680",37.1,0.9:1,83%,55%,93.0%,0.0%
empire park,68,#274,#766,60%,A+,84,"8,528","$63,730",74%,5%,"$214,090",15%,91%,33%,63%,"5,808","5,248",29.7,0.9:1,53%,35%,92.4%,0.0%
ermineskin,65,#290,#846,52%,A+,87,"7,701","$68,236",58%,4%,"$288,497",31%,88%,33%,51%,"5,995","5,206",39.3,1.1:1,68%,35%,91.2%,0.2%
evansdale,69,#254,#659,66%,A+,87,"7,680","$64,973",59%,5%,"$304,085",57%,75%,13%,60%,"5,987","3,740",35.1,1.0:1,65%,43%,90.2%,0.2%
evergreen,60,#306,#890,33%,D+,82,"8,731","$69,322",72%,,"$168,690",90%,69%,5%,n/a,"1,472","2,032",43.4,1.0:1,61%,40%,93.7%,0.4%
falconer heights,78,#66,#274,94%,A+,93,"4,051","$140,097",56%,3%,"$406,077",90%,93%,48%,n/a,"2,089","3,345",50.8,1.3:1,85%,51%,89.6%,0.1%
forest heights,70,#205,#560,73%,A+,92,"6,202","$80,529",73%,5%,"$406,581",57%,86%,31%,63%,"4,424","2,748",40.9,1.0:1,62%,33%,87.7%,0.1%
fraser,76,#110,#391,88%,A+,87,"6,848","$90,950",70%,3%,"$291,953",72%,84%,13%,64%,"4,245","2,697",36.8,1.0:1,66%,46%,92.6%,0.3%
fulton place,69,#234,#614,69%,A+,90,"6,083","$97,986",71%,5%,"$349,190",82%,88%,28%,64%,"2,381","2,426",42.5,1.0:1,69%,40%,92.6%,0.0%
gariepy,90,#6,#8,99%,A+,96,"2,549","$150,204",63%,3%,"$543,124",90%,92%,40%,n/a,"2,105","3,021",47.1,1.0:1,79%,44%,90.8%,0.0%
garneau,70,#206,#561,73%,A+,91,"7,781","$46,403",64%,5%,"$368,048",,98%,60%,78%,"8,767","9,923",28.5,0.9:1,56%,22%,87.3%,0.1%
girard industrial,0,#336,#946,n/a,,84,"8,197","$80,000",83%,4%,"$185,234",100%,86%,37%,n/a,15,340,34.8,0.7:1,44%,28%,82.2%,2.9%
glastonbury,77,#86,#338,91%,A+,91,"5,005","$114,611",70%,3%,"$402,524",83%,88%,29%,n/a,"6,910","3,906",37.0,1.1:1,76%,53%,91.7%,0.1%
glengarry,70,#253,#655,67%,A+,85,"8,093","$69,709",67%,7%,"$238,581",72%,80%,12%,60%,"3,257","2,405",41.7,1.0:1,63%,38%,93.0%,0.2%
glenora,74,#72,#284,94%,A+,104,"2,549","$126,572",72%,3%,"$653,618",85%,90%,46%,71%,"4,108","1,786",42.2,1.0:1,75%,45%,89.1%,0.1%
glenridding,87,#17,#36,99%,A+,98,"2,549","$147,156",83%,6%,"$568,022",89%,96%,44%,n/a,"3,460",774,32.6,1.0:1,77%,54%,90.2%,0.1%
glenridding heights,0,#313,#959,n/a,,92,"5,572","$96,771",84%,6%,"$411,364",90%,96%,46%,n/a,510,"1,933",32.8,1.1:1,77%,50%,91.0%,0.0%
glenwood,61,#302,#884,39%,A+,86,"8,181","$58,105",71%,5%,"$275,819",48%,80%,17%,59%,"5,813","3,322",41.5,1.0:1,61%,37%,91.8%,0.3%
gold bar,69,#238,#622,69%,A+,90,"6,067","$99,526",76%,8%,"$344,679",72%,86%,18%,64%,"2,955","2,760",39.4,1.0:1,63%,41%,91.9%,0.0%
gorman,73,#121,#411,86%,A+,92,"5,226","$110,352",80%,7%,"$395,053",91%,84%,15%,n/a,159,30,34.6,0.5:1,82%,59%,93.1%,0.0%
grandview heights,83,#12,#23,99%,A+,108,"2,549","$200,000",71%,3%,"$756,476",82%,94%,62%,87%,"1,214","2,187",46.8,1.1:1,89%,51%,87.6%,0.0%
granville,84,#40,#139,97%,A,92,"3,304","$155,132",79%,3%,"$428,826",95%,89%,33%,71%,"2,837","1,883",34.8,0.9:1,79%,61%,91.3%,0.0%
graydon hill,81,#51,#208,96%,B+,94,"3,680","$137,622",89%,6%,"$457,742",82%,90%,42%,n/a,512,497,31.7,0.9:1,77%,50%,89.8%,0.3%
greenfield,76,#102,#374,89%,A+,90,"5,680","$109,094",68%,5%,"$349,298",81%,90%,44%,74%,"4,060","2,629",43.4,1.0:1,79%,45%,87.3%,0.1%
greenview,80,#73,#292,93%,A+,88,"6,223","$101,251",67%,7%,"$320,241",79%,89%,30%,70%,"3,128","3,219",39.1,1.0:1,73%,46%,88.8%,0.2%
griesbach,80,#62,#264,95%,A+,92,"4,827","$118,123",71%,2%,"$408,307",70%,89%,33%,66%,"6,650","2,239",35.2,1.0:1,67%,49%,89.5%,0.2%
grovenor,78,#68,#278,94%,A+,94,"5,049","$104,037",74%,5%,"$440,492",69%,87%,34%,68%,"2,678","2,947",40.2,1.1:1,60%,38%,89.0%,0.0%
haddow,81,#47,#186,97%,A+,95,"3,565","$144,272",69%,4%,"$443,605",89%,91%,45%,n/a,"4,897","2,737",41.5,1.0:1,83%,57%,90.0%,0.1%
hagmann estate,65,#291,#849,51%,A+,87,"7,457","$87,496",77%,3%,"$237,716",58%,67%,13%,n/a,91,66,33.5,0.4:1,0%,80%,90.9%,0.0%
hairsine,67,#281,#796,58%,A+,83,"8,354","$71,104",70%,4%,"$203,756",60%,79%,10%,55%,"2,671","4,055",35.5,1.0:1,51%,39%,92.5%,0.0%
harwin park estate industrial,0,#312,#902,n/a,,85,n/a,$0,60%,20%,$0,0%,80%,40%,n/a,0,7,42.5,0.0:1,100%,100%,60.0%,0.0%
hawks ridge,70,#208,#565,73%,F,93,"3,749","$135,331",81%,4%,"$459,273",98%,90%,23%,n/a,850,420,36.0,0.8:1,70%,39%,93.6%,0.0%
hays ridge,86,#20,#69,98%,A+,94,"2,549","$157,680",87%,2%,"$508,797",81%,91%,41%,n/a,562,170,31.5,0.9:1,74%,46%,92.1%,0.6%
hazeldean,69,#245,#636,68%,A+,90,"6,706","$82,620",79%,5%,"$341,681",58%,88%,27%,64%,"3,423","3,114",37.1,0.9:1,54%,36%,89.0%,0.1%
henderson estates,81,#32,#108,98%,A+,102,"2,549","$189,704",61%,3%,"$599,749",99%,94%,53%,n/a,"2,069","2,624",47.7,1.0:1,90%,54%,92.5%,0.0%
heritage valley,83,#43,#158,97%,B+,95,"4,856","$100,000",86%,3%,"$478,478",86%,90%,34%,n/a,42,15,30.4,0.4:1,88%,63%,88.6%,0.0%
heritage valley town centre,72,#170,#496,77%,B,89,"6,037","$100,220",82%,7%,"$345,303",73%,93%,41%,n/a,869,553,33.5,1.2:1,73%,54%,90.3%,0.2%
high park,67,#277,#778,59%,A+,87,"7,228","$81,195",74%,6%,"$288,981",71%,77%,8%,35%,"1,734","2,459",42.1,0.9:1,61%,36%,91.5%,0.2%
highlands,75,#109,#386,88%,A+,91,"5,195","$112,258",74%,4%,"$390,810",80%,89%,38%,62%,"2,854","2,510",43.1,1.0:1,66%,34%,91.8%,0.1%
hillview,75,#120,#408,86%,A+,87,"7,232","$81,487",69%,,"$287,358",66%,87%,20%,60%,"3,792","3,584",38.6,1.0:1,68%,43%,91.7%,0.1%
hodgson,80,#49,#199,96%,A+,96,"3,791","$132,205",61%,2%,"$467,280",77%,90%,46%,n/a,"2,967","4,039",43.0,1.2:1,86%,58%,89.9%,0.1%
hollick-kenyon,73,#134,#434,83%,A+,90,"5,440","$111,312",75%,5%,"$367,158",79%,84%,21%,62%,"7,264","4,785",34.3,1.0:1,75%,59%,90.5%,0.0%
holyrood,71,#174,#501,77%,A+,91,"6,351","$83,108",74%,5%,"$379,498",59%,88%,31%,70%,"3,569","2,830",39.6,1.0:1,63%,41%,85.2%,0.0%
homesteader,67,#287,#807,57%,A+,85,"7,823","$75,366",62%,5%,"$245,867",53%,80%,11%,60%,"3,752","2,319",34.0,1.0:1,55%,41%,89.7%,0.7%
hudson,70,#218,#582,71%,A+,88,"6,489","$92,518",75%,3%,"$325,839",79%,81%,19%,n/a,"2,715","4,427",35.7,1.0:1,71%,55%,90.2%,0.2%
huff bremner estate industrial,0,#308,#894,n/a,,90,"8,058","$50,000",100%,0%,"$322,455",100%,100%,100%,n/a,10,5,77.5,0.7:1,0%,0%,100.0%,0.0%
idylwylde,68,#265,#714,63%,A+,88,"7,667","$63,029",65%,6%,"$313,409",52%,87%,32%,63%,"1,923","2,898",42.0,1.0:1,65%,30%,85.7%,0.3%
industrial heights,65,#289,#839,53%,A+,87,"9,090","$22,945",55%,11%,"$316,444",36%,70%,6%,n/a,56,90,36.0,0.5:1,27%,18%,93.2%,0.0%
inglewood,72,#221,#588,71%,A+,88,"8,256","$50,754",77%,8%,"$297,160",28%,84%,21%,65%,"7,561","4,650",37.7,1.0:1,52%,35%,90.2%,0.6%
jackson heights,78,#85,#337,91%,A+,89,"5,642","$115,703",66%,7%,"$326,765",91%,86%,25%,70%,"4,448","3,729",39.7,1.0:1,81%,55%,91.3%,0.0%
jamieson place,74,#124,#417,85%,A,90,"5,724","$109,359",76%,4%,"$343,285",89%,90%,31%,71%,"4,090","3,939",40.7,1.0:1,77%,53%,93.1%,0.0%
jasper park,74,#126,#420,85%,A+,88,"7,719","$62,686",75%,5%,"$309,016",54%,86%,24%,76%,"2,138","3,235",39.6,1.0:1,51%,31%,93.1%,0.0%
kameyosek,69,#260,#685,64%,A+,85,"7,815","$73,393",59%,6%,"$254,801",56%,79%,22%,60%,"3,176","3,972",36.9,1.1:1,64%,44%,90.2%,0.3%
keheewin,73,#157,#475,80%,A+,88,"7,225","$77,452",63%,3%,"$304,425",84%,88%,33%,74%,"2,905","2,309",45.6,1.2:1,72%,39%,90.3%,0.4%
kenilworth,70,#235,#619,69%,A+,89,"6,879","$83,485",66%,4%,"$318,766",78%,83%,20%,65%,"2,597","2,244",47.1,1.0:1,68%,35%,88.4%,0.6%
kennedale,70,#228,#600,70%,A+,89,"7,858","$52,251",100%,29%,"$335,681",89%,86%,50%,n/a,18,12,55.0,0.5:1,50%,25%,87.5%,0.0%
kensington,74,#145,#453,81%,A+,86,"7,726","$74,208",68%,6%,"$261,499",75%,76%,12%,56%,"4,126","3,072",45.6,1.1:1,65%,39%,91.8%,0.1%
kernohan,79,#81,#326,92%,A+,87,"6,561","$100,954",60%,5%,"$283,538",81%,85%,16%,66%,"3,744","4,063",39.7,1.0:1,69%,42%,93.4%,0.1%
keswick,79,#56,#228,96%,A-,99,"2,549","$187,826",86%,4%,"$597,054",90%,94%,46%,n/a,"1,766",315,32.4,0.9:1,81%,52%,91.9%,0.1%
kildare,73,#150,#463,81%,A+,85,"8,139","$65,342",63%,8%,"$251,186",63%,78%,13%,73%,"3,067","2,578",44.9,1.1:1,61%,35%,92.1%,0.2%
kilkenny,70,#230,#605,70%,A+,86,"7,661","$72,571",63%,6%,"$275,364",61%,77%,12%,63%,"5,963","3,469",36.3,1.0:1,62%,43%,90.3%,0.3%
killarney,67,#271,#759,60%,A+,86,"7,913","$64,541",71%,4%,"$279,742",37%,76%,14%,54%,"4,517","3,300",34.1,0.9:1,49%,37%,93.2%,0.1%
king edward park,73,#143,#449,82%,A+,89,"6,960","$77,275",80%,6%,"$334,850",54%,85%,30%,65%,"5,398","3,421",35.6,0.9:1,55%,33%,86.6%,0.4%
kinglet gardens,71,#161,#480,79%,F,92,"4,548","$125,000",54%,2%,"$411,616",98%,96%,29%,n/a,122,46,35.9,1.0:1,62%,41%,92.6%,0.0%
kiniski gardens,72,#162,#483,79%,A+,89,"5,898","$107,324",74%,,"$332,041",84%,87%,22%,65%,"7,217","3,675",36.9,1.0:1,73%,54%,92.0%,0.1%
kinokamau plains,73,#128,#424,85%,A-,92,"5,961","$85,553",69%,1%,"$413,243",92%,97%,29%,n/a,151,12,31.3,0.5:1,36%,36%,90.0%,0.0%
kirkness,63,#299,#877,45%,A+,86,"7,005","$87,594",73%,7%,"$288,058",61%,78%,15%,61%,"4,216","4,510",34.2,1.0:1,61%,48%,91.2%,0.0%
klarvatten,73,#139,#442,82%,A+,90,"5,202","$120,395",78%,5%,"$357,029",91%,86%,19%,n/a,"6,546","3,354",33.8,1.0:1,75%,60%,91.6%,0.2%
la perle,73,#146,#457,81%,A+,87,"7,324","$77,149",70%,5%,"$294,607",68%,84%,20%,68%,"5,852","4,286",36.6,1.0:1,63%,44%,92.2%,0.1%
lago lindo,73,#148,#460,81%,A+,88,"5,955","$109,664",67%,6%,"$316,190",87%,85%,19%,70%,"4,600","3,648",38.0,0.9:1,73%,51%,92.0%,0.1%
lake district north east,70,#209,#566,73%,A,91,"5,661","$104,077",77%,3%,"$371,737",86%,84%,26%,n/a,"6,007","1,627",32.7,1.1:1,75%,60%,91.6%,0.1%
lansdowne,82,#23,#82,98%,A+,102,"2,549","$136,840",74%,3%,"$675,188",64%,91%,54%,70%,"1,233","2,097",42.2,0.9:1,81%,49%,90.0%,0.0%
larkspur,71,#180,#516,76%,A+,89,"5,905","$109,983",71%,3%,"$320,500",85%,86%,27%,66%,"5,979","3,605",36.1,0.9:1,79%,54%,90.3%,0.1%
lauderdale,71,#214,#578,72%,A+,85,"8,402","$59,797",70%,8%,"$244,170",44%,80%,15%,56%,"3,134","2,381",37.3,0.9:1,60%,37%,92.5%,0.0%
laurel,72,#172,#498,77%,A,89,"6,022","$101,265",77%,6%,"$342,769",76%,87%,36%,69%,"10,585","3,138",31.4,1.0:1,83%,63%,90.1%,0.2%
laurier heights,82,#25,#85,98%,A+,102,"2,549","$172,141",69%,3%,"$603,967",86%,91%,51%,63%,"2,913","1,415",50.0,1.1:1,78%,46%,86.0%,0.0%
lee ridge,67,#275,#771,59%,A+,85,"8,018","$71,785",61%,6%,"$238,536",63%,82%,21%,57%,"2,970","3,257",35.5,1.0:1,63%,41%,92.1%,0.3%
leger,79,#63,#265,94%,A+,94,"4,560","$125,000",63%,4%,"$410,264",83%,91%,48%,76%,"3,273","2,683",41.0,1.1:1,84%,63%,91.4%,0.1%
lendrum place,72,#136,#437,83%,A+,92,"6,129","$92,790",67%,2%,"$365,108",77%,92%,43%,72%,"1,901","2,332",44.7,1.0:1,74%,43%,88.7%,0.3%
lorelei,69,#249,#647,67%,A+,87,"7,124","$81,799",60%,4%,"$298,173",71%,79%,15%,62%,"4,394","3,654",36.6,1.0:1,68%,47%,90.3%,0.5%
lymburn,74,#138,#440,83%,A+,87,"6,648","$94,911",75%,6%,"$298,325",81%,86%,25%,66%,"6,625","4,074",36.7,1.0:1,66%,48%,91.8%,0.2%
lynnwood,75,#115,#401,87%,A+,89,"7,070","$71,786",77%,4%,"$344,790",47%,86%,28%,75%,"3,755","3,650",37.5,1.0:1,66%,44%,92.0%,0.3%
macewan,67,#278,#779,59%,A+,89,"6,013","$102,168",77%,5%,"$340,054",67%,92%,40%,n/a,"7,022","3,954",35.4,1.0:1,73%,50%,89.7%,0.2%
mactaggart,83,#19,#50,99%,A+,103,"2,549","$183,453",72%,4%,"$645,016",84%,91%,48%,74%,"4,812","1,317",37.6,1.0:1,85%,61%,90.5%,0.0%
magrath heights,82,#29,#93,98%,A+,101,"2,549","$247,104",71%,3%,"$620,121",92%,89%,46%,n/a,"3,135","2,332",38.3,1.1:1,87%,61%,89.4%,0.1%
malmo plains,70,#200,#551,73%,A+,90,"7,125","$70,836",71%,4%,"$342,558",50%,94%,57%,70%,"3,571","3,908",33.3,1.0:1,82%,54%,89.7%,0.0%
maple,73,#141,#446,82%,B+,90,"5,230","$117,168",86%,5%,"$367,021",79%,89%,35%,n/a,"3,122","1,210",31.4,1.0:1,77%,65%,90.0%,0.4%
maple ridge,71,#232,#607,70%,A+,78,"9,454","$67,224",61%,6%,"$96,212",,77%,3%,n/a,"2,014","2,833",50.0,0.9:1,53%,29%,94.0%,0.2%
matt berry,75,#114,#399,87%,A+,90,"5,565","$110,109",70%,4%,"$358,111",89%,81%,18%,69%,"4,410","4,018",38.4,1.0:1,82%,58%,90.8%,0.1%
mayfield,74,#149,#462,81%,A+,86,"7,472","$78,004",75%,6%,"$274,594",78%,81%,14%,52%,"2,175","2,497",40.9,1.0:1,56%,33%,92.9%,0.0%
mayliewan,77,#80,#324,92%,A+,92,"5,065","$113,721",67%,4%,"$399,443",95%,80%,15%,71%,"4,564","3,864",40.9,0.9:1,81%,58%,91.0%,0.2%
mcarthur industrial,0,#316,#910,n/a,,87,n/a,$0,100%,0%,$0,0%,100%,0%,n/a,0,2,32.5,0.0:1,0%,0%,100.0%,0.0%
mccauley,60,#304,#888,35%,A+,86,"9,449","$39,316",57%,6%,"$209,936",36%,67%,18%,n/a,"4,700","3,173",45.4,0.6:1,56%,38%,86.1%,0.2%
mcconachie,70,#222,#589,71%,A,89,"6,043","$102,435",87%,6%,"$335,606",79%,88%,27%,65%,"6,769","2,283",31.2,1.0:1,70%,51%,90.8%,0.2%
mckernan,73,#101,#372,89%,A+,97,"5,576","$75,961",78%,6%,"$495,336",45%,96%,58%,74%,"2,807","3,204",30.1,0.9:1,64%,36%,85.9%,0.0%
mcleod,71,#189,#531,75%,A+,87,"6,855","$88,720",58%,,"$300,216",91%,84%,14%,62%,"2,516","2,550",46.0,0.9:1,75%,40%,93.7%,0.0%
mcqueen,77,#90,#348,91%,A+,89,"6,251","$93,882",70%,4%,"$347,006",58%,87%,26%,73%,"1,833","2,617",38.5,1.0:1,69%,42%,93.1%,0.0%
meadowlark park,77,#99,#368,89%,A+,87,"6,944","$87,613",67%,,"$294,747",80%,88%,23%,81%,"2,996","2,706",45.8,1.1:1,69%,37%,93.1%,0.2%
menisa,71,#207,#562,73%,A+,87,"6,663","$96,122",65%,6%,"$291,722",84%,83%,16%,63%,"2,704","3,120",41.1,1.0:1,71%,43%,94.1%,0.2%
meyokumin,73,#163,#484,79%,A+,86,"7,260","$86,636",72%,5%,"$263,275",68%,86%,17%,72%,"3,203","3,178",37.0,1.0:1,68%,46%,91.8%,0.0%
meyonohk,71,#217,#581,71%,A+,84,"7,722","$81,823",68%,6%,"$231,113",81%,82%,17%,66%,"3,170","3,600",37.3,1.1:1,67%,44%,90.9%,0.2%
michaels park,71,#220,#584,71%,A+,86,"7,259","$86,956",61%,8%,"$262,175",75%,86%,21%,n/a,"2,378","2,785",39.8,1.1:1,68%,45%,90.9%,0.2%
mill creek ravine north,0,#317,#911,n/a,,106,"2,549","$174,165",76%,0%,"$663,151",55%,90%,33%,n/a,82,120,22.0,0.5:1,67%,33%,73.9%,0.0%
mill woods park,79,#77,#315,92%,A+,84,n/a,$0,16%,0%,$0,0%,71%,12%,n/a,161,174,44.4,1.2:1,74%,32%,92.9%,0.0%
mill woods town centre,67,#286,#806,57%,A+,84,"8,928","$48,649",59%,,"$230,407",53%,76%,29%,n/a,"1,256","2,768",48.5,1.2:1,73%,29%,94.8%,0.0%
miller,73,#151,#464,81%,A+,88,"6,489","$93,933",71%,6%,"$320,091",85%,83%,21%,n/a,"3,559","4,269",37.4,1.2:1,73%,50%,91.6%,0.4%
minchau,77,#100,#370,89%,A+,87,"6,906","$90,846",72%,8%,"$285,901",75%,86%,20%,n/a,"3,480","3,762",35.5,1.0:1,71%,50%,91.9%,0.0%
mistatim industrial,0,#324,#925,n/a,,92,"4,850","$115,599",76%,3%,"$415,953",90%,93%,34%,n/a,39,8,30.0,0.4:1,31%,38%,88.2%,0.0%
montrose,66,#288,#837,54%,A+,85,"8,236","$62,593",70%,7%,"$251,431",58%,76%,13%,48%,"3,276","2,542",38.1,0.9:1,48%,34%,92.7%,0.3%
newton,69,#261,#692,64%,A+,85,"7,622","$78,295",67%,7%,"$256,595",,76%,14%,52%,"3,202","3,048",41.9,0.9:1,62%,36%,92.6%,0.0%
north glenora,75,#108,#385,89%,A+,91,"5,443","$107,737",83%,4%,"$381,361",71%,89%,38%,61%,"2,305","2,582",39.6,1.1:1,67%,40%,90.4%,0.0%
northmount,67,#280,#786,58%,A+,86,"7,932","$66,943",61%,6%,"$267,895",78%,76%,14%,54%,"3,516","2,837",47.9,1.1:1,68%,38%,92.1%,0.2%
ogilvie ridge,83,#33,#109,98%,A+,97,"2,549","$199,402",61%,2%,"$491,527",96%,93%,50%,n/a,"1,035","2,148",51.3,0.9:1,88%,43%,92.0%,0.1%
oleskiw,86,#3,#3,99%,A+,106,"2,549","$226,071",58%,2%,"$733,624",96%,93%,51%,n/a,"3,364","2,119",50.4,1.0:1,89%,51%,89.8%,0.0%
oliver,71,#202,#556,73%,A+,87,"8,053","$67,704",78%,4%,"$251,226",32%,93%,45%,66%,"20,960","12,236",37.6,1.0:1,54%,13%,88.3%,0.1%
ormsby place,69,#248,#643,68%,A+,88,"6,411","$93,469",70%,4%,"$330,725",73%,86%,25%,52%,"5,965","4,321",37.0,1.1:1,66%,48%,92.4%,0.2%
ottewell,74,#127,#421,85%,A+,89,"6,503","$90,344",71%,7%,"$333,100",81%,86%,26%,70%,"6,365","2,447",43.6,1.1:1,68%,39%,89.6%,0.1%
overlanders,64,#295,#863,50%,A+,89,"7,264","$69,492",71%,7%,"$332,357",31%,78%,13%,66%,"3,176","4,086",33.1,1.0:1,50%,40%,90.0%,0.0%
oxford,75,#117,#403,87%,A+,91,"5,150","$112,339",69%,3%,"$395,534",89%,84%,25%,n/a,"4,377","3,719",34.8,1.0:1,79%,59%,92.9%,0.1%
ozerna,71,#167,#491,78%,A+,90,"5,473","$110,303",68%,3%,"$367,630",91%,78%,17%,n/a,"4,742","4,325",40.9,1.0:1,79%,59%,91.5%,0.1%
paisley,81,#53,#213,96%,B+,94,"3,805","$134,267",89%,7%,"$457,347",79%,92%,41%,n/a,"1,114","1,536",31.7,1.0:1,73%,47%,91.5%,0.1%
parkallen,74,#105,#380,89%,A+,94,"5,602","$90,498",80%,4%,"$433,406",59%,93%,50%,71%,"2,583","3,100",34.4,1.0:1,62%,39%,87.4%,0.0%
parkdale,65,#293,#854,51%,A+,84,"8,614","$56,516",69%,8%,"$233,674",50%,75%,19%,60%,"3,958","4,136",38.0,0.9:1,48%,35%,89.6%,0.0%
parkview,87,#8,#12,99%,A+,100,"2,614","$141,214",72%,3%,"$562,620",89%,92%,46%,72%,"3,623","2,259",43.8,1.0:1,79%,48%,88.2%,0.1%
patricia heights,86,#27,#91,98%,A+,93,"4,526","$121,058",72%,5%,"$430,157",51%,89%,32%,75%,"2,047","2,650",35.2,1.0:1,62%,46%,88.9%,0.0%
pembina,69,#240,#625,68%,A+,88,"7,124","$75,020",73%,3%,"$325,608",66%,81%,22%,n/a,947,"1,170",34.8,1.1:1,63%,47%,90.7%,0.1%
pleasantview,75,#111,#392,88%,A+,91,"6,275","$88,231",78%,6%,"$367,166",53%,92%,40%,91%,"4,732","3,060",36.1,1.1:1,67%,39%,90.5%,0.1%
pollard meadows,71,#212,#573,72%,A+,85,"7,790","$74,228",70%,7%,"$254,188",64%,83%,22%,67%,"4,993","4,640",34.2,1.0:1,68%,48%,91.6%,0.2%
potter greens,85,#28,#92,98%,A+,95,"3,414","$136,325",74%,3%,"$492,834",100%,89%,28%,n/a,"1,746","1,535",45.8,1.0:1,89%,43%,92.0%,0.0%
prince charles,67,#276,#776,59%,A+,85,"8,018","$71,418",76%,7%,"$240,061",53%,79%,16%,54%,"1,779","2,184",36.6,0.9:1,52%,37%,91.4%,0.2%
prince rupert,76,#203,#557,73%,A+,86,"7,875","$63,667",74%,6%,"$287,573",54%,86%,24%,n/a,"1,503","1,255",37.8,0.9:1,59%,32%,90.4%,0.4%
queen alexandra,69,#247,#640,68%,A+,90,"7,627","$53,856",78%,6%,"$355,046",24%,93%,49%,71%,"5,440","4,389",33.0,0.9:1,52%,23%,86.5%,0.1%
queen mary park,67,#279,#780,59%,A+,86,"8,918","$55,514",82%,9%,"$203,682",28%,85%,29%,64%,"8,311","4,394",33.7,0.8:1,52%,30%,89.0%,0.4%
quesnell heights,79,#31,#102,98%,A+,107,"2,549","$218,240",73%,,"$650,718",100%,93%,63%,n/a,389,"1,611",38.8,1.0:1,89%,55%,82.6%,0.0%
rampart industrial,0,#319,#918,n/a,,91,"7,426","$67,848",81%,7%,"$320,840",85%,70%,4%,n/a,54,6,27.2,0.2:1,33%,67%,90.6%,0.0%
ramsay heights,73,#125,#419,85%,A-,93,"4,871","$114,422",66%,,"$418,299",65%,92%,45%,n/a,"3,735","2,926",41.1,1.0:1,80%,47%,87.3%,0.4%
rapperswill,77,#88,#345,91%,A+,90,"4,801","$128,497",84%,4%,"$369,152",95%,89%,32%,n/a,"4,142","2,367",32.4,0.9:1,81%,64%,91.3%,0.2%
rhatigan ridge,88,#10,#21,99%,A+,99,"2,549","$180,283",60%,4%,"$528,071",98%,93%,55%,75%,"3,393","2,604",48.4,1.0:1,88%,52%,90.0%,0.0%
richfield,71,#211,#570,72%,A+,87,"7,265","$76,719",64%,5%,"$302,955",49%,81%,25%,59%,"3,843","3,953",33.2,1.1:1,63%,45%,90.6%,0.3%
richford,81,#50,#207,96%,A+,93,"4,117","$135,350",55%,2%,"$417,988",88%,88%,34%,n/a,995,"1,469",46.0,1.1:1,80%,42%,91.2%,0.0%
rideau park,71,#192,#537,75%,A+,90,"7,217","$71,570",60%,4%,"$329,245",46%,87%,33%,70%,"2,355","2,767",41.9,1.1:1,72%,37%,90.9%,0.0%
rio terrace,82,#45,#181,97%,A+,96,"3,887","$137,692",60%,2%,"$434,276",91%,93%,42%,62%,"1,379","1,692",45.8,0.9:1,79%,46%,81.8%,0.0%
ritchie,75,#116,#402,87%,A+,90,"6,823","$75,648",80%,4%,"$356,854",53%,90%,39%,71%,"4,598","3,678",35.6,1.0:1,56%,29%,86.7%,0.1%
river valley at windermere,89,#5,#7,99%,A+,98,"2,549","$243,180",75%,,"$529,571",100%,100%,25%,n/a,6,2,27.8,0.0:1,0%,0%,100.0%,0.0%
river valley capitol hill,88,#1,#1,99%,A+,105,"2,549","$212,027",67%,0%,"$704,984",77%,100%,33%,n/a,35,2,22.5,2.0:1,0%,0%,66.7%,0.0%
river valley gold bar,71,#158,#476,79%,A+,94,"5,275","$114,236",82%,0%,"$373,868",55%,82%,18%,n/a,53,12,32.5,0.1:1,20%,0%,88.0%,0.0%
river valley highlands,75,#103,#375,89%,A+,92,"4,832","$114,563",76%,3%,"$422,125",88%,81%,28%,n/a,42,62,41.5,0.8:1,42%,21%,92.3%,0.0%
river valley kinnaird,65,#182,#519,76%,A+,105,"4,861","$150,000",80%,0%,"$275,190",100%,80%,20%,n/a,12,95,85.0,1.7:1,0%,0%,100.0%,0.0%
river valley oleskiw,74,#44,#168,97%,A+,115,n/a,$0,78%,1%,$0,0%,93%,52%,n/a,0,44,50.9,1.5:1,87%,46%,87.7%,0.0%
river valley terwillegar,75,#79,#323,92%,A,98,"4,220","$116,511",89%,7%,"$482,871",88%,93%,56%,n/a,50,16,41.8,3.6:1,100%,62%,90.9%,0.0%
river valley walterdale,82,#18,#45,99%,A+,115,"2,549","$295,412",81%,4%,"$955,545",71%,97%,56%,n/a,94,125,33.0,0.7:1,75%,25%,87.8%,0.0%
river valley whitemud,88,#16,#33,99%,A+,96,"2,549","$300,000",96%,76%,"$772,382",79%,96%,52%,n/a,107,12,39.2,1.6:1,86%,57%,90.3%,0.0%
riverdale,71,#152,#466,81%,A+,95,"5,384","$114,467",73%,3%,"$360,710",72%,93%,46%,72%,"2,199","2,235",43.0,1.1:1,62%,31%,86.3%,0.1%
roper industrial,0,#332,#939,n/a,,86,n/a,$0,89%,11%,$0,0%,78%,0%,n/a,0,3,33.1,0.8:1,100%,0%,88.9%,0.0%
rosedale industrial,0,#330,#897,n/a,,90,"7,675","$58,104",78%,26%,"$332,504",100%,89%,56%,n/a,44,74,35.0,0.4:1,40%,60%,79.4%,0.0%
rosenthal,76,#89,#346,91%,A-,91,"4,715","$124,123",89%,5%,"$396,452",94%,90%,35%,n/a,"3,454","1,031",33.0,1.0:1,76%,57%,92.8%,0.0%
rossdale,69,#166,#490,78%,A+,97,"5,714","$100,000",83%,5%,"$382,318",55%,94%,48%,n/a,980,"1,208",37.0,0.8:1,62%,22%,89.0%,0.0%
rosslyn,68,#270,#747,61%,A+,85,"7,971","$68,884",68%,8%,"$255,603",63%,79%,14%,55%,"3,376","2,548",44.4,1.1:1,60%,37%,91.6%,0.2%
royal gardens,72,#169,#493,78%,A+,87,"7,291","$78,747",72%,5%,"$291,799",52%,87%,36%,71%,"3,805","3,106",35.1,1.0:1,66%,45%,87.8%,0.1%
rundle heights,69,#255,#662,66%,A+,86,"8,349","$58,251",59%,8%,"$256,383",46%,75%,13%,70%,"3,699","4,398",33.0,1.0:1,50%,34%,90.9%,0.4%
rural north east horse hill,67,#201,#554,73%,F,98,"4,110","$98,302",72%,7%,"$568,989",80%,85%,20%,n/a,394,27,35.9,0.6:1,74%,47%,94.5%,0.3%
rural north east north sturgeon,59,#300,#879,42%,F,96,"5,795","$94,361",79%,6%,"$396,099",81%,85%,23%,n/a,585,5,31.1,0.1:1,54%,43%,91.4%,0.8%
rural north east south sturgeon,70,#178,#511,76%,D-,93,"4,024","$137,486",81%,7%,"$419,739",92%,84%,17%,n/a,815,46,36.2,0.8:1,77%,51%,94.1%,0.0%
rural south east,74,#118,#405,86%,D+,93,"4,294","$121,783",69%,5%,"$453,170",93%,86%,29%,n/a,570,16,32.4,0.7:1,77%,56%,92.2%,0.3%
rural west,76,#69,#279,94%,D-,99,"3,251","$131,170",71%,4%,"$531,988",93%,93%,45%,n/a,746,31,33.7,0.7:1,72%,51%,93.0%,0.0%
rural west big lake,68,#251,#649,67%,F,92,"5,200","$107,713",55%,2%,"$408,725",97%,94%,28%,n/a,161,31,34.1,0.9:1,49%,40%,91.8%,0.0%
rutherford,73,#133,#431,83%,A-,90,"5,836","$102,744",77%,5%,"$357,619",81%,92%,41%,71%,"12,986","5,845",34.2,1.0:1,76%,55%,90.5%,0.1%
sakaw,69,#252,#654,67%,A+,87,"6,932","$88,859",67%,7%,"$291,084",75%,84%,19%,61%,"4,244","3,846",37.4,1.0:1,69%,45%,91.0%,0.1%
satoo,73,#171,#497,77%,A+,87,"7,110","$86,670",63%,6%,"$280,037",85%,84%,17%,59%,"3,748","2,805",40.4,0.9:1,69%,42%,92.1%,0.1%
schonsee,74,#193,#542,74%,A+,91,"5,747","$101,722",73%,3%,"$371,723",86%,83%,25%,n/a,"3,212","2,631",32.7,1.1:1,76%,62%,91.4%,0.1%
secord,74,#122,#412,86%,A-,91,"4,641","$126,140",87%,5%,"$396,630",94%,89%,36%,58%,"4,760","1,474",33.4,1.0:1,78%,58%,92.4%,0.0%
sherbrooke,73,#156,#473,80%,A+,86,"7,581","$77,366",75%,7%,"$264,933",55%,80%,17%,71%,"2,571","2,794",37.1,0.9:1,58%,37%,93.3%,0.1%
sherwood,77,#104,#377,89%,A+,86,"7,646","$70,759",76%,3%,"$284,461",53%,82%,17%,n/a,"1,482","3,337",40.2,1.0:1,59%,38%,93.1%,0.0%
sifton park,73,#213,#574,72%,A+,85,"8,035","$69,224",66%,8%,"$247,121",39%,80%,17%,61%,"2,283","4,731",35.1,0.9:1,59%,41%,91.0%,0.5%
silver berry,70,#219,#583,71%,A+,88,"5,950","$107,078",75%,6%,"$327,206",86%,84%,30%,n/a,"10,104","4,374",33.6,1.0:1,80%,63%,89.4%,0.0%
skyrattler,67,#284,#801,58%,A+,85,"8,340","$61,052",77%,8%,"$246,022",41%,91%,33%,53%,"2,217","3,579",37.2,1.1:1,63%,33%,91.5%,0.2%
south windermere,77,#59,#254,95%,F,99,"2,549","$238,497",75%,1%,"$598,646",100%,91%,42%,n/a,126,23,33.1,1.0:1,78%,48%,91.8%,0.0%
spruce avenue,65,#294,#858,50%,A+,86,"8,016","$65,433",70%,7%,"$264,522",43%,87%,23%,61%,"1,865","1,653",37.5,0.9:1,47%,33%,91.9%,0.0%
starling,77,#84,#334,92%,C,92,"3,923","$142,626",85%,3%,"$410,260",96%,93%,33%,n/a,"1,454",640,34.2,1.1:1,70%,45%,90.7%,0.0%
starling at big lake,78,#74,#293,93%,B-,92,"3,923","$142,626",85%,3%,"$410,260",96%,93%,33%,n/a,"1,454","1,961",34.2,1.1:1,70%,45%,90.7%,0.0%
steinhauer,71,#181,#518,76%,A+,89,"6,220","$102,205",75%,5%,"$316,752",,90%,37%,64%,"2,278","2,403",40.8,1.0:1,78%,45%,90.8%,0.2%
stewart greens,83,#46,#183,97%,A+,92,"4,336","$128,268",90%,3%,"$422,145",78%,87%,30%,n/a,873,"1,121",35.0,1.0:1,76%,62%,92.3%,0.1%
stone industrial,0,#327,#949,n/a,,87,n/a,$0,83%,33%,$0,0%,100%,67%,,0,9,27.3,n/a:1,0%,0%,100.0%,0.0%
strathcona,76,#92,#350,90%,A+,93,"6,214","$73,650",80%,4%,"$433,198",35%,93%,52%,70%,"9,654","5,178",34.3,0.9:1,57%,26%,85.4%,0.1%
strathcona industrial park,0,#326,#971,n/a,,87,"7,899","$52,379",76%,,"$330,570",100%,83%,36%,n/a,80,44,35.0,0.3:1,65%,46%,87.3%,0.0%
strathcona junction,75,#123,#414,86%,A+,87,"8,625","$54,189",70%,5%,"$241,914",0%,92%,32%,n/a,18,65,27.1,0.6:1,33%,67%,87.8%,0.0%
strathearn,70,#191,#536,75%,A+,93,"5,940","$80,608",78%,5%,"$435,637",43%,91%,41%,61%,"2,885","3,821",40.1,1.0:1,58%,36%,81.4%,1.1%
suder greens,79,#71,#281,94%,A+,92,"4,659","$119,272",84%,3%,"$422,401",81%,89%,30%,n/a,"2,762","3,109",35.0,1.1:1,79%,58%,92.3%,0.2%
summerlea,71,#197,#547,74%,A+,86,"7,370","$76,115",67%,4%,"$293,665",60%,84%,22%,n/a,"2,175","2,110",47.3,1.1:1,66%,37%,91.7%,0.0%
summerside,80,#61,#259,95%,A+,92,"4,478","$121,541",85%,,"$433,497",80%,91%,37%,65%,"15,110","3,810",32.3,1.0:1,74%,57%,90.6%,0.1%
sweet grass,72,#155,#472,80%,A+,89,"6,763","$85,888",69%,4%,"$322,017",64%,90%,42%,70%,"2,848","3,058",36.9,1.1:1,71%,46%,87.9%,0.0%
tamarack,75,#119,#407,86%,A,90,"5,808","$103,819",79%,6%,"$356,381",80%,90%,34%,75%,"6,194","2,273",31.5,1.0:1,77%,62%,89.7%,0.4%
tawa,70,#256,#664,66%,A+,83,"8,293","$70,125",64%,6%,"$214,454",72%,84%,26%,n/a,"2,202","3,621",44.6,1.2:1,71%,36%,91.4%,0.3%
terra losa,78,#87,#339,91%,A+,85,"8,169","$65,698",60%,4%,"$246,340",85%,89%,26%,n/a,"2,257","3,602",57.9,1.4:1,64%,23%,90.6%,0.0%
terrace heights,72,#177,#509,77%,A+,90,"7,174","$66,836",75%,5%,"$353,179",46%,85%,22%,63%,"2,467","3,308",41.9,0.9:1,62%,35%,90.2%,0.7%
terwillegar south,71,#184,#522,76%,A+,90,"6,470","$96,088",84%,6%,"$313,526",,92%,42%,n/a,"10,316","4,460",33.4,1.0:1,74%,53%,88.8%,0.1%
terwillegar towne,77,#78,#322,92%,A+,93,"4,668","$124,317",75%,4%,"$400,990",80%,91%,42%,74%,"6,781","3,783",38.2,1.1:1,76%,57%,90.7%,0.0%
the hamptons,81,#57,#231,96%,B+,91,"4,844","$119,725",83%,,"$399,866",81%,91%,34%,71%,"13,984","4,561",33.5,1.0:1,75%,60%,92.6%,0.1%
the orchards at ellerslie,85,#26,#87,98%,A+,95,"3,227","$142,752",84%,5%,"$487,752",94%,92%,39%,67%,"4,931","1,037",32.1,1.0:1,80%,62%,90.9%,0.1%
thorncliff,69,#243,#633,68%,A+,88,"7,127","$76,819",69%,5%,"$318,009",,83%,22%,55%,"3,907","4,313",34.8,1.1:1,57%,43%,92.1%,0.4%
tipaskan,71,#195,#545,74%,A+,86,"7,627","$74,764",65%,8%,"$270,290",50%,87%,26%,66%,"3,379","4,081",35.1,1.0:1,67%,48%,91.4%,0.3%
trumpeter,75,#96,#364,89%,F,92,"3,573","$152,169",85%,3%,"$410,725",97%,93%,28%,n/a,"1,359",474,33.9,0.9:1,72%,44%,91.8%,0.0%
tweddle place,76,#113,#396,87%,A+,86,"7,325","$81,965",66%,8%,"$275,003",56%,81%,23%,63%,"3,633","3,157",35.4,1.1:1,72%,50%,90.2%,0.4%
twin brooks,86,#24,#84,98%,A+,94,"4,111","$132,282",64%,3%,"$431,039",94%,89%,43%,77%,"7,113","2,426",46.9,1.0:1,86%,54%,90.6%,0.1%
university of alberta,79,#36,#120,98%,A+,105,n/a,"$54,189",56%,0%,$0,0%,89%,67%,n/a,935,9,22.5,0.8:1,0%,0%,100.0%,0.0%
university of alberta farm,66,#225,#597,70%,A+,98,"5,059","$77,140",83%,3%,"$548,407",20%,89%,39%,37%,165,38,41.4,1.1:1,71%,36%,92.0%,0.0%
virginia park,71,#204,#558,73%,A+,89,"7,551","$64,215",65%,8%,"$321,573",49%,86%,32%,65%,728,"1,330",45.3,1.1:1,63%,34%,91.9%,0.0%
walker,80,#58,#246,95%,A+,93,"4,394","$119,239",82%,6%,"$452,263",88%,89%,44%,67%,"10,422","3,549",32.3,1.0:1,80%,60%,90.9%,0.2%
webber greens,79,#70,#280,94%,A+,92,"4,905","$112,392",81%,4%,"$422,787",77%,88%,31%,64%,"3,653","2,620",34.6,1.0:1,78%,58%,92.5%,0.0%
wedgewood heights,80,#35,#115,98%,B+,103,"2,549","$231,854",59%,3%,"$658,316",99%,93%,37%,n/a,"1,372","1,973",43.4,1.0:1,85%,54%,92.0%,0.1%
weinlos,70,#246,#637,68%,A+,87,"7,426","$78,912",71%,6%,"$276,077",69%,84%,20%,64%,"3,518","3,879",38.0,1.0:1,71%,47%,91.3%,0.1%
weir industrial,0,#309,#953,n/a,,90,"7,682","$55,748",24%,5%,"$341,322",80%,75%,0%,n/a,89,56,47.8,0.5:1,35%,24%,74.0%,0.0%
wellington,68,#267,#731,62%,A+,85,"7,643","$76,143",70%,6%,"$262,922",68%,80%,15%,54%,"3,534","2,883",36.5,1.0:1,60%,41%,89.5%,0.5%
west jasper place,67,#269,#738,62%,A+,89,"7,713","$54,836",73%,7%,"$341,458",33%,79%,16%,60%,"3,583","3,991",39.6,1.0:1,59%,37%,91.8%,0.0%
west meadowlark park,72,#183,#521,76%,A+,85,"7,875","$72,193",76%,4%,"$252,974",59%,86%,23%,66%,"3,906","3,457",42.0,1.1:1,62%,41%,93.3%,0.0%
westbrook estates,78,#30,#94,98%,A+,110,"2,549","$239,429",62%,3%,"$740,640",68%,90%,55%,n/a,"1,432","1,173",43.2,1.0:1,79%,48%,90.1%,0.0%
westmount,76,#98,#366,89%,A+,91,"6,586","$75,893",81%,5%,"$382,452",55%,91%,40%,68%,"6,621","3,443",37.8,1.0:1,63%,37%,88.3%,0.1%
westridge,88,#4,#5,99%,A+,100,"2,549","$189,976",59%,2%,"$591,063",99%,92%,53%,n/a,"1,548","1,407",46.7,1.1:1,86%,49%,90.2%,0.0%
westview village,61,#305,#889,34%,C,79,"9,232","$66,142",71%,6%,"$125,478",89%,76%,6%,n/a,"2,523","3,127",41.2,1.0:1,51%,28%,94.5%,0.0%
westwood,71,#223,#593,71%,A+,86,"8,665","$46,414",70%,8%,"$269,013",22%,82%,19%,n/a,"3,623","3,580",36.7,0.8:1,52%,29%,90.0%,0.3%
white industrial,0,#335,#967,n/a,,90,"3,992","$150,000",67%,0%,"$372,584",100%,89%,11%,n/a,7,5,30.0,0.4:1,0%,50%,90.0%,0.0%
whitemud creek ravine south,75,#41,#147,97%,A+,113,n/a,$0,70%,9%,$0,0%,96%,65%,n/a,0,12,50.9,0.4:1,60%,40%,92.0%,0.0%
wild rose,69,#239,#623,69%,A,91,"5,109","$118,926",67%,4%,"$373,372",87%,82%,22%,66%,"8,977","5,418",36.1,1.0:1,84%,62%,89.5%,0.1%
wilson industrial,0,#323,#942,n/a,,87,"6,969","$80,000",50%,0%,"$322,878",100%,88%,50%,n/a,143,8,27.2,7.0:1,0%,0%,100.0%,0.0%
windermere,91,#2,#2,99%,A+,99,"2,549","$157,833",83%,4%,"$596,515",86%,93%,46%,76%,"9,171","1,717",32.5,1.0:1,78%,54%,90.2%,0.1%
windsor park,84,#9,#13,99%,A+,114,"2,549","$215,508",56%,4%,"$849,049",,93%,64%,85%,"1,611","2,042",39.2,0.9:1,85%,46%,84.0%,0.0%
winterburn industrial area east,0,#315,#928,n/a,,92,"4,677","$119,157",87%,4%,"$420,941",80%,89%,34%,68%,"1,070",152,34.6,1.0:1,75%,60%,91.4%,0.2%
winterburn industrial area west,0,#311,#922,n/a,,79,"9,151","$66,726",71%,6%,"$132,199",89%,77%,7%,n/a,"2,644",589,39.7,0.9:1,51%,28%,94.4%,0.0%
woodcroft,68,#266,#715,63%,A+,87,"7,484","$75,247",71%,4%,"$284,403",66%,87%,29%,54%,"4,048","2,692",42.3,1.2:1,54%,39%,94.5%,0.0%
yellowhead corridor - east,63,#298,#875,45%,A+,86,"9,560","$29,806",59%,4%,"$236,033",49%,74%,9%,n/a,116,101,36.7,1.0:1,46%,26%,93.0%,0.0%
york,70,#241,#627,68%,A+,86,"7,340","$84,519",67%,5%,"$262,882",58%,78%,13%,63%,"4,173","3,550",37.3,1.0:1,62%,39%,92.0%,0.1%
youngstown industrial,0,#331,#956,n/a,,86,"7,814","$77,017",88%,0%,"$240,214",73%,70%,16%,n/a,38,135,42.9,1.1:1,50%,22%,96.9%,0.0%
